picture_name,num_pictures
lara0001.jpg,3
lara0002.jpg,3
lara0003.jpg,2
lara0004.jpg,3
numérisation.jpg,5
numérisation0001.jpg,5
numérisation0002.jpg,9
numérisation0003.jpg,9
numérisation0004.jpg,3
numérisation0005.jpg,2
numérisation0006.jpg,1
numérisation0007.jpg,3 
numérisation0008.jpg,2
numérisation0009.jpg,2
numérisation0010.jpg,1
numérisation0011.jpg,1
numérisation0012.jpg,8
numérisation0013.jpg,6
numérisation0014.jpg,4
numérisation0015.jpg,4
numérisation0016.jpg,4
numérisation0017.jpg,4
numérisation0018.jpg,4
numérisation0019.jpg,6
numérisation0020.jpg,4
numérisation0021.jpg,1
numérisation0022.jpg,1
numérisation0023.jpg,2
numérisation0024.jpg,4
numérisation0025.jpg,2
numérisation0026.jpg,2
numérisation0027.jpg,2
numérisation0028.jpg,4
numérisation0029.jpg,5
numérisation0030.jpg,5
numérisation0031.jpg,2
numérisation0032.jpg,6
numérisation0033.jpg,2
numérisation0034.jpg,1
numérisation0035.jpg,5
numérisation0036.jpg,2
numérisation0037.jpg,2
numérisation0038.jpg,3
numérisation0039.jpg,2
numérisation0040.jpg,2
numérisation0041.jpg,1
numérisation0042.jpg,1
numérisation0043.jpg,2
mamie0000.jpg,4
mamie0001.jpg,4
mamie0002.jpg,4
mamie0003.jpg,2
mamie0004.jpg,3
mamie0005.jpg,3
mamie0006.jpg,3
mamie0007.jpg,3
mamie0008.jpg,3
mamie0009.jpg,3
mamie0010.jpg,3
mamie0011.jpg,3
mamie0012.jpg,3
mamie0013.jpg,4
mamie0014.jpg,3
mamie0015.jpg,4
mamie0016.jpg,3
mamie0017.jpg,4
mamie0018.jpg,1
mamie0019.jpg,3
mamie0020.jpg,3
mamie0021.jpg,2
mamie0022.jpg,3
mamie0023.jpg,3
mamie0024.jpg,3
mamie0025.jpg,3
mamie0026.jpg,3
mamie0027.jpg,3
mamie0028.jpg,3
mamie0029.jpg,3
mamie0030.jpg,3
mamie0031.jpg,3
mamie0032.jpg,3
mamie0033.jpg,2
mamie0034.jpg,3
mamie0035.jpg,2
mamie0036.jpg,3
mamie0037.jpg,3
mamie0038.jpg,3
mamie0039.jpg,3
mamie0040.jpg,3
mamie0041.jpg,3
mamie0042.jpg,3
mamie0043.jpg,1
mamie0044.jpg,3
mamie0045.jpg,3
mamie0046.jpg,2
mamie0047.jpg,3
mamie0048.jpg,3
mamie0049.jpg,3
mamie0050.jpg,3
mamie0051.jpg,3
mamie0052.jpg,3
mamie0053.jpg,3
mamie0054.jpg,3
mamie0055.jpg,3
mamie0056.jpg,3
mamie0057.jpg,3
mamie0058.jpg,3
mamie0059.jpg,3
mamie0060.jpg,1
mamie0061.jpg,3
mamie0062.jpg,3
mamie0063.jpg,3
mamie0064.jpg,3
mamie0065.jpg,3
mamie0066.jpg,3
mamie0067.jpg,3
mamie0068.jpg,3
mamie0069.jpg,3
mamie0070.jpg,3
mamie0071.jpg,3
mamie0072.jpg,3
mamie0073.jpg,3
mamie0074.jpg,3
mamie0075.jpg,3
mamie0076.jpg,3
mamie0077.jpg,3
mamie0078.jpg,3
mamie0079.jpg,3
mamie0080.jpg,3
mamie0081.jpg,2
mamie0082.jpg,3
mamie0083.jpg,3
mamie0084.jpg,3
mamie0085.jpg,3
mamie0086.jpg,3
mamie0087.jpg,3
mamie0088.jpg,1
mamie0089.jpg,2
mamie0090.jpg,5
mamie0091.jpg,5
mamie0092.jpg,3
mamie0093.jpg,3
mamie0094.jpg,3
mamie0095.jpg,3
mamie0096.jpg,3
mamie0097.jpg,3
mamie0098.jpg,3
mamie0099.jpg,3
mamie0100.jpg,3
mamie0101.jpg,3
mamie0102.jpg,3
mamie0103.jpg,2
mamie0104.jpg,3
mamie0105.jpg,3
mamie0106.jpg,3
mamie0107.jpg,3
mamie0108.jpg,3
mamie0109.jpg,3
mamie0110.jpg,3
mamie0111.jpg,3
mamie0112.jpg,3
mamie0113.jpg,3
mamie0114.jpg,2
mamie0115.jpg,4
mamie0116.jpg,2
mamie0117.jpg,1
mamie0118.jpg,4
mamie0119.jpg,4
mamie0120.jpg,4
mamie0121.jpg,3
mamie0122.jpg,3
mamie0123.jpg,3
mamie0124.jpg,3
mamie0125.jpg,3
mamie0126.jpg,3
mamie0127.jpg,3
mamie0128.jpg,3
mamie0129.jpg,3
mamie0130.jpg,3
mamie0131.jpg,2
mamie0132.jpg,4
mamie0133.jpg,1
mamie0134.jpg,4
mamie0135.jpg,4
mamie0136.jpg,2
mamie0137.jpg,2
mamie0138.jpg,3
mamie0139.jpg,3
mamie0140.jpg,3
mamie0141.jpg,3
mamie0142.jpg,2
mamie0143.jpg,1
mamie0144.jpg,2
mamie0145.jpg,1
mamie0146.jpg,1
mamie0147.jpg,1
mamie0148.jpg,2
mamie0149.jpg,1
mamie0150.jpg,1
mamie0151.jpg,1
mamie0152.jpg,3
mamie0153.jpg,3
mamie0154.jpg,2
mamie0155.jpg,1
mamie0156.jpg,1
mamie0157.jpg,1
mamie0158.jpg,2
mamie0159.jpg,1
mamie0160.jpg,1
mamie0161.jpg,1
mamie0162.jpg,1
mamie0163.jpg,1
mamie0164.jpg,3
mamie0165.jpg,1
mamie0166.jpg,1
mamie0167.jpg,1
mamie0168.jpg,1
mamie0169.jpg,4
mamie0170.jpg,4
mamie0171.jpg,1
mamie0172.jpg,1
mamie0173.jpg,1
mamie0174.jpg,1
mamie0175.jpg,1
mamie0176.jpg,1
mamie0177.jpg,1
mamie0178.jpg,1
mamie0179.jpg,3
mamie0180.jpg,1
mamie0181.jpg,1
mamie0182.jpg,1
mamie0183.jpg,1
mamie0184.jpg,1
mamie0185.jpg,1
mamie0186.jpg,1
mamie0187.jpg,1
mamie0188.jpg,1
mamie0189.jpg,1
mamie0190.jpg,1
mamie0191.jpg,1
mamie0192.jpg,2
mamie0193.jpg,2
mamie0194.jpg,2
mamie0195.jpg,2
mamie0196.jpg,2
mamie0197.jpg,2
mamie0198.jpg,3
mamie0199.jpg,3
mamie0200.jpg,4
mamie0201.jpg,1
mamie0202.jpg,3
mamie0203.jpg,3
mamie0204.jpg,3
mamie0205.jpg,3
mamie0206.jpg,3
mamie0207.jpg,4
mamie0208.jpg,4
mamie0209.jpg,4
mamie0210.jpg,4
mamie0211.jpg,4
mamie0212.jpg,3
mamie0213.jpg,4
mamie0214.jpg,4
mamie0215.jpg,1
mamie0216.jpg,4
mamie0217.jpg,2
mamie0218.jpg,4
mamie0219.jpg,4
mamie0220.jpg,4
mamie0221.jpg,4
mamie0222.jpg,4
mamie0223.jpg,4
mamie0224.jpg,4
mamie0225.jpg,4
mamie0226.jpg,4
mamie0227.jpg,4
mamie0228.jpg,4
mamie0229.jpg,4
mamie0230.jpg,2
mamie0231.jpg,4
mamie0232.jpg,4
mamie0233.jpg,4
mamie0234.jpg,4
mamie0235.jpg,4
mamie0236.jpg,4
mamie0237.jpg,1
mamie0238.jpg,4
mamie0239.jpg,2
mamie0240.jpg,4
mamie0241.jpg,2
mamie0242.jpg,4
mamie0243.jpg,4
mamie0244.jpg,4
mamie0245.jpg,3
mamie0246.jpg,2
mamie0247.jpg,2
mamie0248.jpg,4
mamie0249.jpg,3
mamie0250.jpg,1
mamie0251.jpg,2
mamie0252.jpg,3
mamie0253.jpg,4
mamie0254.jpg,4
mamie0255.jpg,2
mamie0256.jpg,4
mamie0257.jpg,2
mamie0258.jpg,4
mamie0259.jpg,4
mamie0260.jpg,1
mamie0261.jpg,3
mamie0262.jpg,3
mamie0263.jpg,1
mamie0264.jpg,4
mamie0265.jpg,3
mamie0266.jpg,4
mamie0267.jpg,2
mamie0268.jpg,1
mamie0269.jpg,2
mamie0270.jpg,3
mamie0271.jpg,5
mamie0272.jpg,5
mamie0273.jpg,2
mamie0274.jpg,3
mamie0275.jpg,3
mamie0276.jpg,3
mamie0277.jpg,2
mamie0278.jpg,4
mamie0279.jpg,3
mamie0280.jpg,2
