picture_name,num_rotations_needed
mamie0000_01.jpg,0
mamie0000_02.jpg,2
mamie0000_03.jpg,1
mamie0000_04.jpg,1
mamie0001_01.jpg,1
mamie0001_02.jpg,1
mamie0001_03.jpg,2
mamie0001_04.jpg,1
mamie0003_01.jpg,1
mamie0003_02.jpg,1
mamie0004_01.jpg,1
mamie0004_02.jpg,1
mamie0004_03.jpg,0
mamie0005_01.jpg,0
mamie0005_02.jpg,0
mamie0005_03.jpg,1
mamie0006_01.jpg,1
mamie0006_02.jpg,1
mamie0006_03.jpg,0
mamie0007_01.jpg,0
mamie0007_02.jpg,0
mamie0007_03.jpg,2
mamie0008_01.jpg,1
mamie0008_02.jpg,0
mamie0008_03.jpg,2
mamie0009_01.jpg,1
mamie0009_02.jpg,0
mamie0009_03.jpg,0
mamie0010_01.jpg,0
mamie0010_02.jpg,2
mamie0010_03.jpg,1
mamie0011_01.jpg,1
mamie0011_02.jpg,1
mamie0011_03.jpg,1
mamie0012_01.jpg,0
mamie0012_02.jpg,1
mamie0012_03.jpg,3
mamie0013_01.jpg,0
mamie0013_02.jpg,0
mamie0013_03.jpg,0
mamie0013_04.jpg,1
mamie0014_01.jpg,0
mamie0014_02.jpg,1
mamie0014_03.jpg,0
mamie0015_01.jpg,1
mamie0015_02.jpg,2
mamie0015_03.jpg,1
mamie0015_04.jpg,2
mamie0016_01.jpg,1
mamie0016_02.jpg,1
mamie0016_03.jpg,0
mamie0018_01.jpg,0
mamie0021_01.jpg,1
mamie0021_02.jpg,1
mamie0022_01.jpg,0
mamie0022_02.jpg,0
mamie0022_03.jpg,0
mamie0023_01.jpg,1
mamie0023_02.jpg,0
mamie0023_03.jpg,1
mamie0024_01.jpg,2
mamie0024_02.jpg,1
mamie0024_03.jpg,2
mamie0025_01.jpg,1
mamie0025_02.jpg,0
mamie0025_03.jpg,0
mamie0026_01.jpg,0
mamie0026_02.jpg,2
mamie0026_03.jpg,0
mamie0027_01.jpg,1
mamie0027_02.jpg,0
mamie0027_03.jpg,2
mamie0028_01.jpg,0
mamie0028_02.jpg,2
mamie0028_03.jpg,1
mamie0029_01.jpg,1
mamie0029_02.jpg,0
mamie0029_03.jpg,2
mamie0030_01.jpg,1
mamie0030_02.jpg,1
mamie0030_03.jpg,0
mamie0031_01.jpg,0
mamie0031_02.jpg,1
mamie0031_03.jpg,1
mamie0033_01.jpg,1
mamie0033_02.jpg,1
mamie0034_01.jpg,0
mamie0034_02.jpg,0
mamie0034_03.jpg,2
mamie0035_01.jpg,1
mamie0035_02.jpg,1
mamie0036_01.jpg,1
mamie0036_02.jpg,1
mamie0036_03.jpg,2
mamie0038_01.jpg,2
mamie0038_02.jpg,1
mamie0038_03.jpg,2
mamie0039_01.jpg,1
mamie0039_02.jpg,1
mamie0039_03.jpg,0
mamie0040_01.jpg,1
mamie0040_02.jpg,2
mamie0040_03.jpg,1
mamie0041_01.jpg,1
mamie0041_02.jpg,1
mamie0041_03.jpg,1
mamie0042_01.jpg,1
mamie0042_02.jpg,0
mamie0042_03.jpg,1
mamie0043_01.jpg,1
mamie0045_01.jpg,1
mamie0045_02.jpg,3
mamie0045_03.jpg,2
mamie0049_01.jpg,0
mamie0049_02.jpg,0
mamie0049_03.jpg,0
mamie0053_01.jpg,1
mamie0053_02.jpg,0
mamie0053_03.jpg,0
mamie0055_01.jpg,1
mamie0055_02.jpg,1
mamie0055_03.jpg,1
mamie0056_01.jpg,1
mamie0056_02.jpg,1
mamie0056_03.jpg,1
mamie0057_01.jpg,2
mamie0057_02.jpg,1
mamie0057_03.jpg,1
mamie0058_01.jpg,1
mamie0058_02.jpg,2
mamie0058_03.jpg,0
mamie0059_01.jpg,1
mamie0059_02.jpg,0
mamie0059_03.jpg,2
mamie0060_01.jpg,0
mamie0061_01.jpg,1
mamie0061_02.jpg,0
mamie0061_03.jpg,2
mamie0062_01.jpg,1
mamie0062_02.jpg,1
mamie0062_03.jpg,2
mamie0063_01.jpg,2
mamie0063_02.jpg,0
mamie0063_03.jpg,1
mamie0064_01.jpg,1
mamie0064_02.jpg,1
mamie0064_03.jpg,1
mamie0065_01.jpg,1
mamie0065_02.jpg,0
mamie0065_03.jpg,1
mamie0067_01.jpg,0
mamie0067_02.jpg,1
mamie0067_03.jpg,2
mamie0069_01.jpg,0
mamie0069_02.jpg,1
mamie0069_03.jpg,1
mamie0070_01.jpg,1
mamie0070_02.jpg,0
mamie0070_03.jpg,1
mamie0071_01.jpg,1
mamie0071_02.jpg,0
mamie0071_03.jpg,1
mamie0072_01.jpg,0
mamie0072_02.jpg,1
mamie0072_03.jpg,0
mamie0074_01.jpg,1
mamie0074_02.jpg,2
mamie0074_03.jpg,1
mamie0075_01.jpg,1
mamie0075_02.jpg,2
mamie0075_03.jpg,1
mamie0076_01.jpg,2
mamie0076_02.jpg,1
mamie0289_01.jpg,1
mamie0302_01.jpg,2
mamie0302_02.jpg,2
mamie0304_01.jpg,1
mamie0304_02.jpg,1
mamie0304_03.jpg,2
mamie0326_01.jpg,2
mamie0326_02.jpg,2
mamie0329_01.jpg,1
mamie0329_02.jpg,1
mamie0329_03.jpg,1
mamie0329_04.jpg,2
mamie0350_01.jpg,1
mamie0350_02.jpg,1
mamie0350_03.jpg,1
mamie0350_04.jpg,2
mamie0351_01.jpg,0
mamie0351_02.jpg,0
mamie0351_03.jpg,0
mamie0351_04.jpg,0
mamie0354_01.jpg,2
mamie0354_02.jpg,0
mamie0354_03.jpg,0
mamie0423_01.jpg,1
mamie0423_02.jpg,1
mamie0423_03.jpg,0
mamie0423_04.jpg,0
mamie0443_01.jpg,2
mamie0443_02.jpg,1
mamie0443_03.jpg,2
mamie0447_01.jpg,1
mamie0447_02.jpg,2
mamie0447_03.jpg,1
mamie0447_04.jpg,2
mamie0447_05.jpg,1
mamie0447_06.jpg,1
mamie0448_01.jpg,2
mamie0448_02.jpg,2
mamie0448_03.jpg,1
mamie0448_04.jpg,1
mamie0448_05.jpg,1
mamie0470_01.jpg,1
mamie0470_02.jpg,0
mamie0470_03.jpg,2
mamie0470_04.jpg,1
mamie0281_01.jpg,2
mamie0281_02.jpg,0
mamie0281_03.jpg,1
mamie0281_04.jpg,0
mamie0281_05.jpg,0
mamie0282_01.jpg,0
mamie0282_02.jpg,0
mamie0282_03.jpg,1
mamie0282_04.jpg,0
mamie0283_01.jpg,2
mamie0283_02.jpg,1
mamie0283_03.jpg,1
mamie0284_01.jpg,0
mamie0284_02.jpg,1
mamie0284_03.jpg,0
mamie0285_01.jpg,0
mamie0285_02.jpg,1
mamie0285_03.jpg,1
mamie0285_04.jpg,1
mamie0286_01.jpg,1
mamie0287_01.jpg,1
mamie0287_02.jpg,1
mamie0287_03.jpg,2
mamie0287_04.jpg,2
mamie0288_01.jpg,2
mamie0288_02.jpg,1
mamie0288_03.jpg,1
mamie0288_04.jpg,1
mamie0290_01.jpg,2
mamie0290_02.jpg,2
mamie0290_03.jpg,1
mamie0290_04.jpg,1
mamie0291_01.jpg,1
mamie0291_02.jpg,1
mamie0291_03.jpg,2
mamie0292_01.jpg,1
mamie0292_02.jpg,1
mamie0292_03.jpg,2
mamie0292_04.jpg,1
mamie0293_01.jpg,2
mamie0293_02.jpg,2
mamie0294_01.jpg,1
mamie0294_02.jpg,1
mamie0294_03.jpg,1
mamie0295_01.jpg,1
mamie0295_02.jpg,2
mamie0295_03.jpg,2
mamie0296_01.jpg,1
mamie0296_02.jpg,2
mamie0296_03.jpg,2
mamie0297_01.jpg,2
mamie0297_02.jpg,0
mamie0297_03.jpg,0
mamie0297_04.jpg,1
mamie0298_01.jpg,1
mamie0298_02.jpg,2
mamie0299_01.jpg,2
mamie0299_02.jpg,2
mamie0300_01.jpg,2
mamie0300_02.jpg,1
mamie0301_01.jpg,1
mamie0301_02.jpg,1
mamie0303_01.jpg,0
mamie0303_02.jpg,1
mamie0303_03.jpg,3
mamie0303_04.jpg,0
mamie0305_01.jpg,3
mamie0305_02.jpg,1
mamie0305_03.jpg,2
mamie0305_04.jpg,2
mamie0306_01.jpg,0
mamie0306_02.jpg,2
mamie0306_03.jpg,1
mamie0306_04.jpg,1
mamie0307_01.jpg,1
mamie0307_02.jpg,1
mamie0307_03.jpg,1
mamie0307_04.jpg,2
mamie0308_01.jpg,1
mamie0308_02.jpg,0
mamie0308_03.jpg,1
mamie0308_04.jpg,0
mamie0309_01.jpg,1
mamie0309_02.jpg,2
mamie0309_03.jpg,0
mamie0309_04.jpg,0
mamie0310_01.jpg,2
mamie0310_02.jpg,1
mamie0310_03.jpg,0
mamie0311_01.jpg,2
mamie0312_01.jpg,1
mamie0312_02.jpg,1
mamie0312_03.jpg,1
mamie0313_01.jpg,1
mamie0313_02.jpg,1
mamie0313_03.jpg,2
mamie0314_01.jpg,1
mamie0314_02.jpg,0
mamie0314_03.jpg,0
mamie0315_01.jpg,2
mamie0315_02.jpg,1
mamie0315_03.jpg,1
mamie0315_04.jpg,3
mamie0316_01.jpg,3
mamie0316_02.jpg,2
mamie0316_03.jpg,1
mamie0317_01.jpg,1
mamie0317_02.jpg,1
mamie0317_03.jpg,1
mamie0318_01.jpg,1
mamie0318_02.jpg,2
mamie0318_03.jpg,2
mamie0319_01.jpg,2
mamie0319_02.jpg,1
mamie0319_03.jpg,2
mamie0320_01.jpg,2
mamie0320_02.jpg,1
mamie0321_01.jpg,1
mamie0321_02.jpg,2
mamie0321_03.jpg,0
mamie0322_01.jpg,1
mamie0322_02.jpg,2
mamie0322_03.jpg,1
mamie0322_04.jpg,1
mamie0323_01.jpg,1
mamie0323_02.jpg,0
mamie0323_03.jpg,2
mamie0323_04.jpg,1
mamie0323_05.jpg,1
mamie0323_06.jpg,1
mamie0324_01.jpg,0
mamie0324_02.jpg,1
mamie0324_03.jpg,0
mamie0324_04.jpg,1
mamie0324_05.jpg,1
mamie0325_01.jpg,1
mamie0327_01.jpg,0
mamie0327_02.jpg,1
mamie0328_01.jpg,2
mamie0328_02.jpg,0
mamie0328_03.jpg,0
mamie0330_01.jpg,0
mamie0330_02.jpg,2
mamie0330_03.jpg,1
mamie0330_04.jpg,1
mamie0331_01.jpg,0
mamie0331_02.jpg,0
mamie0331_03.jpg,2
mamie0331_04.jpg,0
mamie0332_01.jpg,2
mamie0333_01.jpg,1
mamie0333_02.jpg,0
mamie0333_03.jpg,1
mamie0333_04.jpg,0
mamie0333_05.jpg,1
mamie0334_01.jpg,1
mamie0334_02.jpg,1
mamie0335_01.jpg,1
mamie0335_02.jpg,0
mamie0335_03.jpg,1
mamie0335_04.jpg,0
mamie0336_01.jpg,1
mamie0336_02.jpg,1
mamie0336_03.jpg,1
mamie0337_01.jpg,0
mamie0337_02.jpg,0
mamie0337_03.jpg,1
mamie0337_04.jpg,1
mamie0338_01.jpg,1
mamie0338_02.jpg,0
mamie0338_03.jpg,0
mamie0338_04.jpg,1
mamie0339_01.jpg,0
mamie0339_02.jpg,0
mamie0339_03.jpg,0
mamie0339_04.jpg,1
mamie0340_01.jpg,1
mamie0340_02.jpg,1
mamie0340_03.jpg,0
mamie0340_04.jpg,1
mamie0340_05.jpg,1
mamie0340_06.jpg,1
mamie0341_01.jpg,1
mamie0341_02.jpg,0
mamie0341_03.jpg,1
mamie0342_01.jpg,0
mamie0342_02.jpg,1
mamie0342_03.jpg,0
mamie0342_04.jpg,0
mamie0343_01.jpg,0
mamie0343_02.jpg,1
mamie0343_03.jpg,1
mamie0343_04.jpg,1
mamie0344_01.jpg,0
mamie0344_02.jpg,1
mamie0344_03.jpg,1
mamie0344_04.jpg,1
mamie0345_01.jpg,2
mamie0346_01.jpg,0
mamie0346_02.jpg,1
mamie0346_03.jpg,1
mamie0346_04.jpg,1
mamie0347_01.jpg,1
mamie0347_02.jpg,0
mamie0347_03.jpg,0
mamie0347_04.jpg,0
mamie0348_01.jpg,1
mamie0348_02.jpg,0
mamie0348_03.jpg,1
mamie0348_04.jpg,0
mamie0349_01.jpg,1
mamie0352_01.jpg,1
mamie0352_02.jpg,1
mamie0352_03.jpg,1
mamie0352_04.jpg,0
mamie0353_01.jpg,1
mamie0353_02.jpg,1
mamie0353_03.jpg,0
mamie0353_04.jpg,1
mamie0355_01.jpg,2
mamie0355_02.jpg,1
mamie0355_03.jpg,1
mamie0356_01.jpg,2
mamie0356_02.jpg,1
mamie0356_03.jpg,2
mamie0356_04.jpg,2
mamie0357_01.jpg,2
mamie0357_02.jpg,1
mamie0358_01.jpg,1
mamie0358_02.jpg,2
mamie0358_03.jpg,1
mamie0358_04.jpg,0
mamie0359_01.jpg,1
mamie0359_02.jpg,0
mamie0359_03.jpg,1
mamie0359_04.jpg,0
mamie0360_01.jpg,0
mamie0360_02.jpg,1
mamie0360_03.jpg,1
mamie0360_04.jpg,0
mamie0361_01.jpg,0
mamie0361_02.jpg,1
mamie0361_03.jpg,0
mamie0361_04.jpg,1
mamie0362_01.jpg,0
mamie0362_02.jpg,0
mamie0362_03.jpg,0
mamie0362_04.jpg,0
mamie0363_01.jpg,0
mamie0363_02.jpg,0
mamie0363_03.jpg,1
mamie0363_04.jpg,1
mamie0364_01.jpg,2
mamie0364_02.jpg,1
mamie0364_03.jpg,0
mamie0364_04.jpg,1
mamie0365_01.jpg,0
mamie0365_02.jpg,1
mamie0365_03.jpg,0
mamie0365_04.jpg,0
mamie0366_01.jpg,1
mamie0366_02.jpg,1
mamie0367_01.jpg,0
mamie0367_02.jpg,1
mamie0367_03.jpg,2
mamie0368_01.jpg,1
mamie0368_02.jpg,1
mamie0368_03.jpg,1
mamie0368_04.jpg,1
mamie0369_01.jpg,0
mamie0369_02.jpg,2
mamie0369_03.jpg,1
mamie0369_04.jpg,1
mamie0370_01.jpg,0
mamie0370_02.jpg,1
mamie0370_03.jpg,2
mamie0370_04.jpg,1
mamie0371_01.jpg,1
mamie0371_02.jpg,0
mamie0371_03.jpg,0
mamie0371_04.jpg,1
mamie0372_01.jpg,1
mamie0372_02.jpg,0
mamie0372_03.jpg,0
mamie0372_04.jpg,1
mamie0373_01.jpg,1
mamie0373_02.jpg,1
mamie0373_03.jpg,1
mamie0373_04.jpg,0
mamie0374_01.jpg,2
mamie0375_01.jpg,2
mamie0375_02.jpg,1
mamie0375_03.jpg,1
mamie0375_04.jpg,1
mamie0376_01.jpg,0
mamie0376_02.jpg,0
mamie0376_03.jpg,2
mamie0376_04.jpg,1
mamie0377_01.jpg,0
mamie0377_02.jpg,1
mamie0377_03.jpg,0
mamie0377_04.jpg,1
mamie0378_01.jpg,1
mamie0378_02.jpg,0
mamie0378_03.jpg,0
mamie0378_04.jpg,2
mamie0379_01.jpg,1
mamie0379_02.jpg,1
mamie0379_03.jpg,1
mamie0380_01.jpg,0
mamie0380_02.jpg,0
mamie0380_03.jpg,1
mamie0380_04.jpg,1
mamie0381_01.jpg,1
mamie0381_02.jpg,0
mamie0381_03.jpg,1
mamie0381_04.jpg,2
mamie0382_01.jpg,0
mamie0382_02.jpg,2
mamie0382_03.jpg,2
mamie0382_04.jpg,0
mamie0383_01.jpg,1
mamie0383_02.jpg,0
mamie0383_03.jpg,0
mamie0383_04.jpg,1
mamie0384_01.jpg,1
mamie0384_02.jpg,0
mamie0384_03.jpg,1
mamie0384_04.jpg,1
mamie0385_01.jpg,1
mamie0385_02.jpg,0
mamie0385_03.jpg,1
mamie0386_01.jpg,2
mamie0387_01.jpg,1
mamie0387_02.jpg,1
mamie0387_03.jpg,1
mamie0387_04.jpg,1
mamie0387_05.jpg,0
mamie0387_06.jpg,1
mamie0388_01.jpg,0
mamie0388_02.jpg,1
mamie0388_03.jpg,1
mamie0388_04.jpg,1
mamie0388_05.jpg,1
mamie0389_01.jpg,0
mamie0389_02.jpg,1
mamie0389_03.jpg,1
mamie0389_04.jpg,1
mamie0389_05.jpg,1
mamie0390_01.jpg,1
mamie0391_01.jpg,0
mamie0391_02.jpg,1
mamie0391_03.jpg,1
mamie0391_04.jpg,1
mamie0392_01.jpg,0
mamie0392_02.jpg,0
mamie0392_03.jpg,1
mamie0392_04.jpg,0
mamie0393_01.jpg,1
mamie0393_02.jpg,1
mamie0393_03.jpg,1
mamie0394_01.jpg,1
mamie0394_02.jpg,2
mamie0394_03.jpg,2
mamie0394_04.jpg,1
mamie0395_01.jpg,1
mamie0395_02.jpg,2
mamie0395_03.jpg,2
mamie0395_04.jpg,2
mamie0396_01.jpg,1
mamie0396_02.jpg,0
mamie0396_03.jpg,0
mamie0396_04.jpg,1
mamie0397_01.jpg,0
mamie0397_02.jpg,0
mamie0397_03.jpg,1
mamie0397_04.jpg,2
mamie0398_01.jpg,1
mamie0398_02.jpg,1
mamie0399_01.jpg,2
mamie0399_02.jpg,1
mamie0399_03.jpg,1
mamie0399_04.jpg,2
mamie0399_05.jpg,1
mamie0399_06.jpg,1
mamie0400_01.jpg,2
mamie0400_02.jpg,2
mamie0400_03.jpg,1
mamie0400_04.jpg,2
mamie0400_05.jpg,2
mamie0400_06.jpg,0
mamie0401_01.jpg,2
mamie0401_02.jpg,2
mamie0401_03.jpg,2
mamie0401_04.jpg,2
mamie0401_05.jpg,2
mamie0401_06.jpg,2
mamie0402_01.jpg,2
mamie0402_02.jpg,1
mamie0402_03.jpg,1
mamie0403_01.jpg,1
mamie0403_02.jpg,1
mamie0403_03.jpg,1
mamie0403_04.jpg,1
mamie0403_05.jpg,1
mamie0403_06.jpg,1
mamie0404_01.jpg,1
mamie0404_02.jpg,1
mamie0404_03.jpg,2
mamie0404_04.jpg,0
mamie0404_05.jpg,1
mamie0404_06.jpg,0
mamie0405_01.jpg,1
mamie0405_02.jpg,0
mamie0405_03.jpg,0
mamie0405_04.jpg,1
mamie0405_05.jpg,0
mamie0406_01.jpg,0
mamie0406_02.jpg,1
mamie0406_03.jpg,1
mamie0406_04.jpg,1
mamie0407_01.jpg,1
mamie0408_01.jpg,2
mamie0408_02.jpg,2
mamie0408_03.jpg,1
mamie0408_04.jpg,1
mamie0408_05.jpg,2
mamie0408_06.jpg,1
mamie0409_01.jpg,0
mamie0409_02.jpg,2
mamie0409_03.jpg,1
mamie0409_04.jpg,1
mamie0409_05.jpg,2
mamie0409_06.jpg,0
mamie0410_01.jpg,2
mamie0410_02.jpg,0
mamie0410_03.jpg,1
mamie0410_04.jpg,1
mamie0410_05.jpg,1
mamie0411_01.jpg,1
mamie0411_02.jpg,1
mamie0411_03.jpg,0
mamie0411_04.jpg,1
mamie0411_05.jpg,1
mamie0411_06.jpg,1
mamie0412_01.jpg,1
mamie0412_02.jpg,1
mamie0412_03.jpg,1
mamie0412_04.jpg,2
mamie0412_05.jpg,0
mamie0412_06.jpg,1
mamie0413_01.jpg,1
mamie0413_02.jpg,1
mamie0414_01.jpg,1
mamie0415_01.jpg,1
mamie0415_02.jpg,2
mamie0415_03.jpg,1
mamie0415_04.jpg,0
mamie0416_01.jpg,1
mamie0416_02.jpg,1
mamie0416_03.jpg,1
mamie0416_04.jpg,1
mamie0417_01.jpg,1
mamie0417_02.jpg,1
mamie0417_03.jpg,1
mamie0417_04.jpg,2
mamie0418_01.jpg,0
mamie0418_02.jpg,0
mamie0418_03.jpg,1
mamie0418_04.jpg,0
mamie0419_01.jpg,1
mamie0419_02.jpg,0
mamie0419_03.jpg,1
mamie0419_04.jpg,1
mamie0420_01.jpg,1
mamie0420_02.jpg,2
mamie0420_03.jpg,1
mamie0420_04.jpg,1
mamie0421_01.jpg,0
mamie0421_02.jpg,0
mamie0421_03.jpg,0
mamie0421_04.jpg,1
mamie0422_01.jpg,1
mamie0422_02.jpg,0
mamie0422_03.jpg,0
mamie0422_04.jpg,1
mamie0424_01.jpg,1
mamie0424_02.jpg,0
mamie0424_03.jpg,1
mamie0424_04.jpg,0
mamie0425_01.jpg,2
mamie0425_02.jpg,1
mamie0425_03.jpg,1
mamie0425_04.jpg,2
mamie0426_01.jpg,1
mamie0427_01.jpg,0
mamie0427_02.jpg,1
mamie0427_03.jpg,0
mamie0427_04.jpg,0
mamie0428_01.jpg,0
mamie0428_02.jpg,0
mamie0428_03.jpg,1
mamie0428_04.jpg,1
mamie0429_01.jpg,1
mamie0430_01.jpg,2
mamie0430_02.jpg,0
mamie0430_03.jpg,1
mamie0430_04.jpg,1
mamie0431_01.jpg,2
mamie0431_02.jpg,2
mamie0431_03.jpg,1
mamie0431_04.jpg,2
mamie0431_05.jpg,2
mamie0432_01.jpg,0
mamie0432_02.jpg,1
mamie0432_03.jpg,0
mamie0432_04.jpg,2
mamie0433_01.jpg,1
mamie0433_02.jpg,2
mamie0433_03.jpg,1
mamie0433_04.jpg,1
mamie0434_01.jpg,1
mamie0434_02.jpg,1
mamie0434_03.jpg,1
mamie0434_04.jpg,1
mamie0435_01.jpg,1
mamie0435_02.jpg,2
mamie0435_03.jpg,2
mamie0435_04.jpg,2
mamie0435_05.jpg,1
mamie0436_01.jpg,2
mamie0436_02.jpg,1
mamie0436_03.jpg,1
mamie0436_04.jpg,0
mamie0437_01.jpg,1
mamie0437_02.jpg,0
mamie0437_03.jpg,0
mamie0437_04.jpg,1
mamie0437_05.jpg,1
mamie0438_01.jpg,1
mamie0438_02.jpg,1
mamie0438_03.jpg,0
mamie0438_04.jpg,1
mamie0438_05.jpg,1
mamie0439_01.jpg,1
mamie0440_01.jpg,1
mamie0440_02.jpg,1
mamie0440_03.jpg,1
mamie0440_04.jpg,1
mamie0440_05.jpg,1
mamie0440_06.jpg,0
mamie0440_07.jpg,2
mamie0441_01.jpg,0
mamie0441_02.jpg,0
mamie0441_03.jpg,2
mamie0441_04.jpg,0
mamie0441_05.jpg,2
mamie0441_06.jpg,1
mamie0441_07.jpg,1
mamie0441_08.jpg,1
mamie0442_01.jpg,1
mamie0442_02.jpg,3
mamie0442_03.jpg,2
mamie0442_04.jpg,2
mamie0442_05.jpg,2
mamie0442_06.jpg,2
mamie0442_07.jpg,0
mamie0442_08.jpg,2
mamie0444_01.jpg,1
mamie0445_01.jpg,1
mamie0445_02.jpg,1
mamie0445_03.jpg,1
mamie0446_01.jpg,1
mamie0446_02.jpg,1
mamie0446_03.jpg,2
mamie0449_01.jpg,1
mamie0449_02.jpg,3
mamie0449_03.jpg,1
mamie0449_04.jpg,1
mamie0449_05.jpg,0
mamie0449_06.jpg,2
mamie0450_01.jpg,1
mamie0450_02.jpg,1
mamie0450_03.jpg,0
mamie0450_04.jpg,0
mamie0451_01.jpg,2
mamie0452_01.jpg,1
mamie0452_02.jpg,1
mamie0452_03.jpg,1
mamie0452_04.jpg,1
mamie0452_05.jpg,2
mamie0452_06.jpg,1
mamie0453_01.jpg,1
mamie0453_02.jpg,2
mamie0453_03.jpg,1
mamie0453_04.jpg,2
mamie0453_05.jpg,1
mamie0453_06.jpg,0
mamie0453_07.jpg,3
mamie0454_01.jpg,1
mamie0454_02.jpg,1
mamie0454_03.jpg,1
mamie0454_04.jpg,2
mamie0454_05.jpg,0
mamie0455_01.jpg,1
mamie0455_02.jpg,1
mamie0456_01.jpg,2
mamie0456_02.jpg,1
mamie0456_03.jpg,2
mamie0456_04.jpg,1
mamie0456_05.jpg,1
mamie0456_06.jpg,2
mamie0457_01.jpg,0
mamie0457_02.jpg,1
mamie0457_03.jpg,2
mamie0457_04.jpg,1
mamie0457_05.jpg,1
mamie0457_06.jpg,3
mamie0457_07.jpg,2
mamie0458_01.jpg,2
mamie0458_02.jpg,2
mamie0458_03.jpg,2
mamie0459_01.jpg,1
mamie0459_02.jpg,1
mamie0459_03.jpg,0
mamie0459_04.jpg,0
mamie0460_01.jpg,0
mamie0460_02.jpg,0
mamie0460_03.jpg,0
mamie0460_04.jpg,1
mamie0461_01.jpg,0
mamie0461_02.jpg,1
mamie0461_03.jpg,1
mamie0461_04.jpg,2
mamie0462_01.jpg,2
mamie0462_02.jpg,1
mamie0462_03.jpg,2
mamie0462_04.jpg,1
mamie0462_05.jpg,2
mamie0462_06.jpg,1
mamie0462_07.jpg,2
mamie0462_08.jpg,2
mamie0463_01.jpg,1
mamie0463_02.jpg,1
mamie0463_03.jpg,0
mamie0463_04.jpg,1
mamie0463_05.jpg,1
mamie0464_01.jpg,2
mamie0464_02.jpg,2
mamie0464_03.jpg,1
mamie0464_04.jpg,2
mamie0464_05.jpg,1
mamie0464_06.jpg,1
mamie0465_01.jpg,2
mamie0465_02.jpg,1
mamie0465_03.jpg,1
mamie0465_04.jpg,1
mamie0465_05.jpg,0
mamie0465_06.jpg,1
mamie0466_01.jpg,1
mamie0466_02.jpg,1
mamie0466_03.jpg,1
mamie0467_01.jpg,1
mamie0467_02.jpg,1
mamie0467_03.jpg,0
mamie0467_04.jpg,0
mamie0468_01.jpg,1
mamie0468_02.jpg,1
mamie0468_03.jpg,1
mamie0469_01.jpg,1
mamie0469_02.jpg,1
mamie0469_03.jpg,1
mamie0469_04.jpg,1
mamie0471_01.jpg,1
mamie0471_02.jpg,2
mamie0471_03.jpg,0
mamie0471_04.jpg,1
mamie0471_05.jpg,1
mamie0472_01.jpg,0
mamie0472_02.jpg,1
mamie0472_03.jpg,1
mamie0472_04.jpg,1
mamie0472_05.jpg,0
mamie0472_06.jpg,1
mamie0491_01.jpg,0
mamie0491_02.jpg,2
mamie0491_03.jpg,1
mamie0491_04.jpg,2
mamie0491_05.jpg,2
mamie0491_06.jpg,2
mamie0491_07.jpg,1
mamie0500_01.jpg,2
mamie0500_02.jpg,1
mamie0500_03.jpg,1
mamie0500_04.jpg,1
mamie0500_05.jpg,1
mamie0500_06.jpg,3
mamie0485_01.jpg,1
mamie0485_02.jpg,1
mamie0485_03.jpg,2
mamie0485_04.jpg,1
mamie0485_05.jpg,0
mamie0485_06.jpg,1
mamie0486_01.jpg,1
mamie0486_02.jpg,2
mamie0486_03.jpg,1
mamie0486_04.jpg,0
mamie0486_05.jpg,0
mamie0486_06.jpg,1
mamie0487_01.jpg,1
mamie0487_02.jpg,2
mamie0487_03.jpg,0
mamie0487_04.jpg,1
mamie0488_01.jpg,2
mamie0488_02.jpg,2
mamie0488_03.jpg,1
mamie0488_04.jpg,2
mamie0488_05.jpg,1
mamie0489_01.jpg,2
mamie0489_02.jpg,3
mamie0489_03.jpg,2
mamie0489_04.jpg,3
mamie0489_05.jpg,2
mamie0489_06.jpg,3
mamie0489_07.jpg,3
mamie0489_08.jpg,1
mamie0490_01.jpg,1
mamie0490_02.jpg,2
mamie0490_03.jpg,3
mamie0490_04.jpg,3
mamie0490_05.jpg,3
mamie0490_06.jpg,3
mamie0490_07.jpg,3
mamie0490_08.jpg,2
mamie0492_01.jpg,1
mamie0492_02.jpg,1
mamie0492_03.jpg,3
mamie0492_04.jpg,1
mamie0492_05.jpg,2
mamie0492_06.jpg,1
mamie0493_01.jpg,1
mamie0493_02.jpg,2
mamie0493_03.jpg,1
mamie0493_04.jpg,1
mamie0494_01.jpg,1
mamie0494_02.jpg,1
mamie0494_03.jpg,2
mamie0495_01.jpg,1
mamie0495_02.jpg,1
mamie0495_03.jpg,0
mamie0495_04.jpg,1
mamie0496_01.jpg,1
mamie0496_02.jpg,1
mamie0496_03.jpg,1
mamie0496_04.jpg,1
mamie0497_01.jpg,1
mamie0497_02.jpg,1
mamie0497_03.jpg,0
mamie0497_04.jpg,1
mamie0497_05.jpg,1
mamie0498_01.jpg,1
mamie0498_02.jpg,1
mamie0498_03.jpg,2
mamie0498_04.jpg,0
mamie0499_01.jpg,1
mamie0499_02.jpg,2
mamie0499_03.jpg,1
mamie0499_04.jpg,0
mamie0499_05.jpg,1
mamie0501_01.jpg,1
mamie0501_02.jpg,1
mamie0501_03.jpg,1
mamie0501_04.jpg,2
mamie0501_05.jpg,2
mamie0501_06.jpg,2
